fase,inn_normalizado,inns_originais,nome_anvisa,tarja_atual,tarja_ia_sugerida,classificacao,motivos_auditoria,n_produtos_afetados
1,1% + ac + acetato retinol + adenosina + betacaroteno + cianocobalamina 0 + ferroso + inositol + nicotinamida + nitrato tiamina + panax ginseng c. a. mey. + pantotenato cálcio + riboflavina + selenato sódio,"NICOTINAMIDA;CIANOCOBALAMINA 0,1%;BETACAROTENO;PANAX GINSENG C. A. MEY.;ACETATO DE RETINOL;PANTOTENATO DE CÁLCIO;RIBOFLAVINA;INOSITOL;FUMARATO FERROSO;SELENATO DE SÓDIO;ADENOSINA;NITRATO DE TIAMINA;AC",GERIATON,,Sem tarja,"Suplemento vitamínico, mineral e fitoterápico","Composição listada contém elementos incoerentes: '1% + ac', 'cianocobalamina 0', 'nitrato tiamina' sugerem digitação incorreta ou dados corrompidos; Adenosina em suplemento vitamínico é incomum e requer verificação; Dose, frequência e apresentação não foram informadas, mas 'como_tomar' foi preenchido com suposição específica ('uma vez ao dia'); Panax ginseng é fitoterápico, não vitamina; sua inclusão em 'complexo vitamínico' é imprecisa; Indicado apenas para 'adultos' é restritivo; suplementos vitamínicos geralmente são indicados para 'ambos' (adultos e crianças) com ajuste de dose",1
1,acarbose,ACARBOSE,Aglucose,vermelha,Tarja vermelha sem retenção,inibidor de alfa-glicosidase (hipoglicemiante oral),"Tarja vermelha é incorreta para acarbose — medicamento não controlado, deve ser Sem tarja; Acarbose não é medicamento de tarja vermelha (controlado/psicotrópico/entorpecente); Indicação restrita a 'adultos' é imprecisa — acarbose pode ser usada em crianças com diabetes tipo 2, embora raro; Faltam apresentação e concentração na resposta original — 'como_tomar' deveria ser genérico; Classificador sugeriu Tarja vermelha sem retenção e auditor sugeriu Sem tarja; revisão manual obrigatória.",1
1,acebrofilina,ACEBROFILINA,MELYSSE,vermelha,Tarja vermelha sem retenção,mucolítico expectorante,"Tarja incorreta: acebrofilina é um mucolítico que requer prescrição médica (Tarja amarela), não é isento de prescrição (Sem tarja); Confiança na tarja declarada como 'alta' é inadequada dado o erro factual; Campo 'indicado_para' com valor 'ambos' é vago e potencialmente perigoso sem especificar faixa etária mínima para crianças; Falta informação sobre apresentação e concentração específicas do produto MELYSSE; Dados de posologia genéricos demais sem referência à bula real; Classificador sugeriu Sem tarja e auditor sugeriu Tarja amarela; revisão manual obrigatória.",33
1,aceponato metilprednisolona,ACEPONATO DE METILPREDNISOLONA,ADVANTAN,vermelha,Tarja vermelha sem retenção,corticosteroide tópico de potência moderada (classe III),"Tarja vermelha é incorreta para corticosteroide tópico de potência moderada; deve ser Sem tarja; INN correto é 'aceponato de metilprednisolona', não 'aceponato metilprednisolona'; Dose e frequência (1 a 2 vezes ao dia) inventadas sem apresentação e concentração específicas; Indicado para ambos é impreciso; corticosteroides tópicos têm restrições em crianças menores de 2 anos; Classificador sugeriu Tarja vermelha sem retenção e auditor sugeriu Sem tarja; revisão manual obrigatória.",5
1,acetato alfa tocoferol + acetato tocoferol + cânfora + levomentol + mentol + nonivamida + salicilato etilenoglicol + salicilato metila + timol,"SALICILATO DE ETILENOGLICOL, SALICILATO DE METILA, LEVOMENTOL, MENTOL, ACETATO DE ALFA TOCOFEROL, CÂNFORA, TIMOL, ACETATO DE TOCOFEROL, NONIVAMIDA",Salonpas,vermelha,Tarja vermelha sem retenção,"Analgésico tópico com ação rubefaciente, anti-inflamatória local e revulsiva","Tarja vermelha informada no sistema foi alterada para 'Sem tarja' sem justificativa adequada; Salonpas é produto tópico OTC mas a discrepância com o sistema requer verificação; Duração de uso (8 a 12 horas) e número de adesivos por dia não foram apresentados na entrada original; informação inventada; Indicação restrita apenas a 'adultos' é imprecisa; produtos tópicos analgésicos geralmente indicados para adultos e crianças acima de certa idade, necessário verificar bula; Nonivamida é agente rubefaciente potente; sua presença em formulação tópica requer confirmação de classificação e possível restrição de uso em crianças pequenas; Salicilato metila em adesivo transdérmico pode ter absorção sistêmica relevante; necessário confirmar se realmente é 'Sem tarja' ou se deveria ser 'Tarja amarela'; Classificador sugeriu Sem tarja e auditor sugeriu Tarja amarela; revisão manual obrigatória.",16
1,acetato ciproterona,ACETATO DE CIPROTERONA,ANDROCUR,vermelha,Tarja vermelha com retenção,Antiandrogênico (hormonal); antagonista de receptores de andrógeno,Tarja vermelha sem retenção está incorreta; acetato de ciproterona é Tarja vermelha COM retenção (medicamento controlado); Indicação para câncer de próstata é válida mas incompleta; falta mencionar síndrome do ovário policístico (SOP) como indicação principal em mulheres; Campo 'indicado_para' restrito a 'adultos' é impreciso; deve ser 'adultos' mas com ressalva clara sobre contraindicação absoluta em gestantes; Falta informação sobre possível aumento de risco tromboembólico quando associado a contraceptivos hormonais; Classificador sugeriu Tarja vermelha sem retenção e auditor sugeriu Tarja vermelha com retenção; revisão manual obrigatória.,4
1,acetato ciproterona + etinilestradiol,"ACETATO DE CIPROTERONA, ETINILESTRADIOL; ACETATO DE CIPROTERONA;ETINILESTRADIOL; ETINILESTRADIOL, ACETATO DE CIPROTERONA",Ferane 35,vermelha,Tarja vermelha com retenção,antiandrogênico + contraceptivo hormonal combinado,"Campo 'indicado_para' contém valor fora do enum exigido ('mulheres em idade reprodutiva' não é uma das opções válidas); Tarja classificada como 'vermelha sem retenção', mas acetato de ciproterona + etinilestradiol é contraceptivo hormonal combinado, que deve ser 'Tarja amarela' conforme RDC 60/2016; Classificador sugeriu Tarja vermelha sem retenção e auditor sugeriu Tarja amarela; revisão manual obrigatória.",34
1,acetato ciproterona + valerato estradiol,"ACETATO DE CIPROTERONA;VALERATO DE ESTRADIOL; VALERATO DE ESTRADIOL, ACETATO DE CIPROTERONA",CLIMENE,vermelha,Tarja vermelha com retenção,hormônio combinado (progestágeno + estrogênio) para reposição hormonal,"Campo 'indicado_para' contém valor fora do enum exigido ('mulheres em menopausa ou perimenopausa' não é uma das opções: adultos, crianças, ambos ou gestantes com cautela); Tarja vermelha sem retenção é questionável para hormônio combinado de reposição; verificar se não seria Tarja amarela (prescrição simples) ou se realmente é vermelha; Falta informação sobre apresentação e concentração específicas do produto CLIMENE para validar posologia; Classificador sugeriu Tarja vermelha sem retenção e auditor sugeriu Tarja amarela; revisão manual obrigatória.",4
1,acetato clormadinona + etinilestradiol,"ACETATO DE CLORMADINONA, ETINILESTRADIOL; ACETATO DE CLORMADINONA;ETINILESTRADIOL",LIBERFEM,vermelha,Tarja vermelha com retenção,contraceptivo hormonal combinado (progestágeno + estrogênio),"Campo 'indicado_para' contém valor fora do enum exigido ('mulheres em idade reprodutiva' não é uma das opções válidas); Informação original menciona acetato de ciproterona, mas a entrada declara acetato de clormadinona — possível confusão entre princípios ativos; Tarja 'vermelha sem retenção' é questionável para contraceptivo oral; contraceptivos hormonais combinados típicos são Tarja amarela (prescrição simples); Classificador sugeriu Tarja vermelha sem retenção e auditor sugeriu Tarja amarela; revisão manual obrigatória.",30
1,acetato dexametasona + clemastina + dexametasona,"FUMARATO DE CLEMASTINA, DEXAMETASONA, ACETATO DE DEXAMETASONA",Emistin,vermelha,Tarja vermelha com retenção,Corticosteroide + anti-histamínico (combinação tópica),"Princípio ativo listado contém 'acetato dexametasona' que é redundante/incorreto - dexametasona já é o INN, não 'acetato dexametasona'; Combinação tópica de corticosteroide + anti-histamínico é incomum e requer verificação - clemastina é sistêmica, não tópica; Resposta candidata omitiu 'acetato dexametasona' do INN identificado sem justificativa; Tarja vermelha sem retenção é questionável para combinação corticosteroide tópica - deveria ser 'Sem tarja' se for uso tópico simples; Indicado apenas para adultos contradiz uso comum em dermatoses pediátricas (com cautela); Faltam apresentação e concentração - 'como_tomar' deveria ser genérico; Classificador sugeriu Tarja vermelha sem retenção e auditor sugeriu Sem tarja; revisão manual obrigatória.",1
1,acetato dexametasona + clotrimazol,CLOTRIMAZOL;ACETATO DE DEXAMETASONA,CLOTRIMAZOL + ACETATO DE DEXAMETASONA,vermelha,Tarja vermelha com retenção,antifúngico tópico + corticosteroide tópico,"Tarja vermelha sem retenção é inadequada para combinação tópica antifúngica + corticosteroide; deveria ser Sem tarja (uso tópico OTC em muitos países) ou Tarja amarela (se prescrição obrigatória no Brasil); Indicado_para restrito a 'adultos' sem justificativa; combinações tópicas antifúngicas + corticosteroides podem ser usadas em crianças sob orientação, deveria ser 'ambos' ou 'adultos' com ressalva; Frequência '2 vezes ao dia' e duração '2 semanas' são genéricas e podem variar conforme apresentação/concentração não informadas; Faltam apresentação (creme, pomada, loção) e concentrações específicas de ambos os princípios ativos; Classificador sugeriu Tarja vermelha sem retenção e auditor sugeriu Sem tarja; revisão manual obrigatória.",3
1,acetato dexametasona + dexametasona,"ACETATO DE DEXAMETASONA, DEXAMETASONA",Dexamex,vermelha,Tarja vermelha com retenção,corticosteroide sistêmico,"Princípio ativo duplicado e contraditório: 'acetato dexametasona + dexametasona' é redundante e confuso; Tarja vermelha sem retenção é inadequada para corticosteroide sistêmico de uso contínuo; deveria ser 'Tarja vermelha com retenção'; Faltam apresentação (comprimido, injeção, etc.) e concentração (0,5mg, 4mg, etc.) para orientar 'como_tomar'; Indicado apenas para adultos é restritivo; dexametasona é usada em crianças em várias indicações (edema cerebral, choque, etc.); Confiança média em tarja contradiz a necessidade de retenção para corticosteroide sistêmico; Classificador sugeriu Tarja vermelha sem retenção e auditor sugeriu Tarja vermelha com retenção; revisão manual obrigatória.",1
1,acetato dexametasona + dexametasona + dexametasona dissódico + dissódico dexametasona,"DEXAMETASONA, DEXAMETASONA FOSFATO DISSÓDICO, FOSFATO DISSÓDICO DE DEXAMETASONA, ACETATO DE DEXAMETASONA",Dexason,vermelha,Tarja vermelha com retenção,corticosteroide sistêmico de ação prolongada,"Princípio ativo listado de forma redundante e confusa na entrada (acetato dexametasona + dexametasona + dexametasona dissódico + dissódico dexametasona) - candidata corrigiu para 'dexametasona' apenas, o que é apropriado; Tarja vermelha sem retenção é apropriada para dexametasona sistêmica, mas falta confirmação se é 'sem retenção' ou 'com retenção' - dexametasona injetável/sistêmica pode ter retenção dependendo da apresentação; Faltam informações críticas: apresentação (comprimido, injeção, solução), concentração e via de administração não foram fornecidas na entrada original; 'como_tomar' é genérico mas aceitável dado a falta de dados de apresentação/concentração; Indicado apenas para 'adultos' pode ser restritivo - dexametasona é usada em crianças em várias indicações (croup, meningite bacteriana, etc.); deveria ser 'ambos' com ressalva de uso pediátrico sob supervisão; Classificador sugeriu Tarja vermelha sem retenção e auditor sugeriu Tarja vermelha com retenção; revisão manual obrigatória.",1
1,acetato fludrocortisona,ACETATO DE FLUDROCORTISONA,FLORINEFE,vermelha,Tarja vermelha com retenção,corticosteroide mineralocorticoide,"Tarja vermelha sem retenção é questionável; fludrocortisona é corticosteroide de uso contínuo em condição crônica grave (insuficiência adrenal), típico de Tarja vermelha com retenção; Indicação restrita a 'adultos' é imprecisa; fludrocortisona é usada também em crianças com insuficiência adrenal congênita; Descrição de mecanismo ('ajuda o corpo a reter sódio e potássio') é parcialmente incorreta; fludrocortisona promove retenção de sódio e EXCREÇÃO de potássio; Falta apresentação e concentração (comprimidos de 0,1 mg é padrão), impedindo 'como_tomar' específico; Classificador sugeriu Tarja vermelha sem retenção e auditor sugeriu Tarja vermelha com retenção; revisão manual obrigatória.",1
1,acetato fluormetolona,ACETATO DE FLUORMETOLONA,Flutinol,vermelha,Tarja vermelha com retenção,Corticosteroide oftálmico,"Tarja incorreta: fluormetolona é corticosteroide oftálmico tópico, classificado como Tarja amarela (prescrição simples), não 'Sem tarja'; Contradição regulatória: o sistema indica tarja vermelha, mas a resposta candidata removeu completamente a tarja sem justificativa farmacológica válida; Indicação restritiva: 'adultos' é inadequado; corticosteroides oftálmicos podem ser usados em crianças sob supervisão médica, portanto deveria ser 'ambos'; Falta de informação crítica: não menciona risco de glaucoma, catarata ou infecção secundária com uso prolongado de corticosteroides oftálmicos; Classificador sugeriu Sem tarja e auditor sugeriu Tarja amarela; revisão manual obrigatória.",2
1,acetato hidrocortisona,ACETATO DE HIDROCORTISONA,CORTIGEN,vermelha,Tarja vermelha sem retenção,Corticosteroide tópico de potência leve a moderada,"INN incorreto: 'hidrocortisona (acetato)' deveria ser 'acetato de hidrocortisona' ou apenas 'hidrocortisona'; Tarja questionável: hidrocortisona tópica é geralmente Sem tarja ou Tarja amarela (prescrição simples), não vermelha; Indicado_para 'ambos' é vago: deveria especificar 'adultos e crianças' ou 'crianças com cautela' conforme idade mínima; como_tomar genérico adequado, mas falta menção à concentração/apresentação que deveria estar na bula; Queimadura de primeiro grau é indicação questionável para uso tópico sem prescrição; Classificador sugeriu Tarja vermelha sem retenção e auditor sugeriu Sem tarja; revisão manual obrigatória.",6
1,acetato hidrocortisona + hidrocortisona,"ACETATO DE HIDROCORTISONA, SUCCINATO SÓDICO DE HIDROCORTISONA",Cortisonal,vermelha,Tarja vermelha com retenção,Corticosteroide,"Princípio ativo duplicado e confuso: 'acetato de hidrocortisona' é uma forma de hidrocortisona, não um ativo separado; Tarja vermelha é genérica demais; hidrocortisona tópica é geralmente Sem tarja, enquanto formas sistêmicas podem ser Tarja amarela; Classificação 'tópico/sistêmico' é vaga; faltam apresentação e concentração para definir corretamente; Indicado apenas para adultos é restritivo; hidrocortisona tem uso pediátrico aprovado em várias apresentações; Faltam dados essenciais (apresentação, concentração, via) para gerar 'como_tomar' específico; Classificador sugeriu Tarja vermelha sem retenção e auditor sugeriu Sem tarja; revisão manual obrigatória.",1
1,acetato hidrocortisona + lidocaína + subacetato alumínio + óxido zinco,LIDOCAÍNA;ÓXIDO DE ZINCO;ACETATO DE HIDROCORTISONA;SUBACETATO DE ALUMÍNIO,XYLOPROCT,vermelha,Tarja vermelha sem retenção,Corticosteroide tópico + anestésico local + adstringente + protetor de pele,"Tarja incorreta: Xyloproct contém corticosteroide (hidrocortisona) e deve ter Tarja Amarela (prescrição simples), não 'Sem tarja'; A resposta candidata classificou como 'Sem tarja' com confiança 'alta', o que é inadequado para um produto com corticosteroide tópico; Indicação para 'adultos' é restritiva; o produto pode ser usado em crianças com orientação médica, deveria ser 'ambos'; Classificador sugeriu Sem tarja e auditor sugeriu Tarja amarela; revisão manual obrigatória.",6
1,acetato hidroxocobalamina + citidina 5'-monofosfato dissódico + dissódico citidina + trifosfato trissódico uridina + uridina-5'-trifosfato trissódica,"ACETATO DE HIDROXOCOBALAMINA, CITIDINA 5'-MONOFOSFATO DISSÓDICO, URIDINA-5'-TRIFOSFATO TRISSÓDICA, FOSFATO DISSÓDICO DE CITIDINA, trifosfato trissódico de uridina",Etna,vermelha,Tarja vermelha sem retenção,Vitamina B12 (cobalamina) + nucleotídeos (suplemento metabólico parenteral),"Tarja vermelha no sistema original foi alterada para 'Sem tarja' sem justificativa; produto com nucleotídeos e vitamina B12 parenteral tipicamente requer controle; INN simplificado e reorganizado sem preservar a nomenclatura exata da entrada original; Confiança média em tarja contradiz a mudança radical de classificação; Indicação genérica ('adultos') sem menção a faixa etária específica ou restrições pediátricas; Falta informação sobre via de administração específica (IM, IV, SC) na seção 'como_tomar'; Classificação como 'suplemento metabólico' pode ser imprecisa; necessário verificar se é medicamento ou suplemento conforme ANVISA; Classificador sugeriu Sem tarja e auditor sugeriu Tarja vermelha sem retenção; revisão manual obrigatória.",1
1,acetato hidroxocobalamina + dissódico citidina + trifosfato trissódico uridina,FOSFATO DISSÓDICO DE CITIDINA;ACETATO DE HIDROXOCOBALAMINA;TRIFOSFATO TRISSÓDICO DE URIDINA,ETNA,vermelha,Tarja vermelha sem retenção,Suplemento vitamínico com nucleotídeos (se confirmado),"Composição química suspeita: 'acetato hidroxocobalamina + dissódico citidina + trifosfato trissódico uridina' não corresponde a nenhum medicamento registrado conhecido; Nome 'ETNA' não identificado em base de dados de medicamentos brasileiros; Tarja alterada de vermelha para 'Sem tarja' sem justificativa farmacológica plausível; Falta apresentação, concentração e via de administração específicas; Indicação para 'ambos' (adultos e crianças) é genérica demais sem dados de segurança pediátrica; Possível confusão entre nomes de componentes: 'citidina dissódica trifosfato' e 'uridina trifosfato trissódica' não são nomenclaturas padrão; Produto pode ser fictício ou com nomenclatura não padronizada; Classificador sugeriu Sem tarja e auditor sugeriu Tarja vermelha sem retenção; revisão manual obrigatória.",2
1,acetato lanreotida,ACETATO DE LANREOTIDA,SOMATULINE AUTOGEL,vermelha,Tarja vermelha com retenção,análogo de somatostatina; inibidor de hormônio do crescimento,"Tarja vermelha sem retenção é incorreta; lanreotida é medicamento de controle especial e deve ser Tarja vermelha com retenção; Indicação incompleta: lanreotida também é usada em tumores carcinoides e gastroenteropancreáticos, não apenas acromegalia e tumores neuroendócrinos genéricos; Campo 'indicado_para' restritivo: lanreotida pode ser usada em crianças em casos específicos de acromegalia pediátrica; deveria ser 'adultos' com ressalva; Classificador sugeriu Tarja vermelha sem retenção e auditor sugeriu Tarja vermelha com retenção; revisão manual obrigatória.",1
1,acetato medroxiprogesterona + betacipionato estradiol,BETACIPIONATO DE ESTRADIOL;ACETATO DE MEDROXIPROGESTERONA,CYCLOFEMINA,vermelha,Tarja vermelha com retenção,contraceptivo hormonal injetável (progestágeno + estrogênio),"Tarja vermelha sem retenção é incorreta para contraceptivo hormonal; deve ser Tarja amarela; Frequência 'mensal ou conforme orientação' é imprecisa; Cyclofemina é aplicada a cada 30 dias (mensal), não 'conforme orientação'; Indicado_para deveria ser 'ambos' (mulheres adultas e adolescentes a partir de certa idade), não apenas 'adultos'; Falta menção a contraindicações absolutas (trombose ativa, câncer de mama, etc.) nos cuidados principais; Classificador sugeriu Tarja vermelha sem retenção e auditor sugeriu Tarja amarela; revisão manual obrigatória.",2
1,acetato medroxiprogesterona + cipionato estradiol,"ACETATO DE MEDROXIPROGESTERONA, cipionato de estradiol",Cyclofemina,vermelha,Tarja vermelha com retenção,contraceptivo hormonal injetável (progestágeno + estrogênio),"Tarja vermelha sem retenção está incorreta — acetato de medroxiprogesterona + cipionato de estradiol (Cyclofemina) é Tarja vermelha COM RETENÇÃO (contraceptivo hormonal injetável mensal); Indicação 'adultos' é incompleta — deve ser 'ambos' pois é indicado para mulheres em idade reprodutiva, incluindo adolescentes acima de certa idade conforme bula; Frequência de aplicação genérica — sem apresentação e concentração confirmadas, não se deve afirmar 'a cada 30 dias' como padrão absoluto; Classificador sugeriu Tarja vermelha sem retenção e auditor sugeriu Tarja vermelha com retenção; revisão manual obrigatória.",1
1,acetato nomegestrol + estradiol hemi-hidratado,"ACETATO DE NOMEGESTROL, ESTRADIOL HEMI-HIDRATADO; ESTRADIOL HEMI-HIDRATADO;ACETATO DE NOMEGESTROL",Stezza,vermelha,Tarja vermelha com retenção,contraceptivo hormonal combinado (progestágeno + estrogênio),"Campo 'indicado_para' contém valor fora do enum exigido ('mulheres em idade reprodutiva' não é uma das opções válidas); Tarja vermelha sem retenção é questionável para contraceptivo hormonal combinado — contraceptivos orais são tipicamente Tarja amarela (prescrição simples); Falta apresentação e concentração do produto na resposta, impedindo validação completa da posologia; Classificador sugeriu Tarja vermelha sem retenção e auditor sugeriu Tarja amarela; revisão manual obrigatória.",7
1,acetato noretisterona + estradiol,"ESTRADIOL, ACETATO DE NORETISTERONA",Suprema,,Tarja amarela,contraceptivo hormonal combinado / terapia de reposição hormonal,"Tarja vermelha sem retenção é inadequada: contraceptivos hormonais combinados são Tarja amarela (prescrição simples); Se for TRH (reposição hormonal), a tarja pode variar conforme apresentação e indicação, mas contraceptivos são sempre Tarja amarela; Indicado_para 'adultos' é impreciso: contraceptivos são indicados para mulheres em idade reprodutiva (adolescentes e adultos), não 'adultos' genericamente; Falta informação sobre apresentação (comprimidos, adesivo, etc.) e concentração exata dos hormônios; A classificação dual (contraceptivo + TRH) é correta, mas a tarja deve refletir o uso primário ou estar separada por indicação; Classificador sugeriu Tarja vermelha sem retenção e auditor sugeriu Tarja amarela; revisão manual obrigatória.",1
1,acetato noretisterona + etinilestradiol,"ACETATO DE NORETISTERONA, ETINILESTRADIOL; ETINILESTRADIOL;ACETATO DE NORETISTERONA",Primosiston,vermelha,Tarja vermelha com retenção,contraceptivo hormonal combinado (progestágeno + estrogênio),"Campo 'indicado_para' com valor fora do enum exigido: 'mulheres em idade reprodutiva' não é uma opção válida (deve ser: adultos, crianças, ambos ou gestantes com cautela); Tarja vermelha sem retenção é questionável para contraceptivo oral; contraceptivos hormonais combinados são tipicamente Tarja amarela (prescrição simples) ou Tarja vermelha com retenção conforme regulação vigente; Falta informação sobre apresentação e concentração específicas (número de comprimidos, dosagem exata de cada hormônio) que deveria constar na bula; Classificador sugeriu Tarja vermelha sem retenção e auditor sugeriu Tarja vermelha com retenção; revisão manual obrigatória.",3
1,acetato prednisolona + gatifloxacino sesqui-hidratado,"gatifloxacino sesqui-hidratado, ACETATO DE PREDNISOLONA; GATIFLOXACINO SESQUI-HIDRATADO;ACETATO DE PREDNISOLONA",Zypred,vermelha,Tarja vermelha com retenção,Corticosteroide + Fluoroquinolona (uso oftálmico),Tarja vermelha sem retenção é incorreta para corticosteroide oftálmico; deve ser Tarja vermelha com retenção; Frequência '4 a 6 vezes ao dia' é genérica demais sem apresentação/concentração específica confirmada; Indicado_para 'adultos' é restritivo; colírios oftálmicos com corticosteroide podem ser usados em crianças sob supervisão oftalmológica; Classificador sugeriu Tarja vermelha sem retenção e auditor sugeriu Tarja vermelha com retenção; revisão manual obrigatória.,3
1,acetato racealfatocoferol,ACETATO DE RACEALFATOCOFEROL,TEUTOVIT E,vermelha,Sem tarja,Vitamina lipossolúvel (antioxidante),"Tarja vermelha no sistema original não justificada pela resposta candidata que propõe 'Sem tarja'; Vitamina E (racealfatocoferol) é tipicamente isenta de tarja quando em doses nutricionais, mas a discrepância com o sistema original sugere possível formulação com associação ou dose farmacológica não informada; Confiança média em tarja inadequada para um produto com tarja vermelha registrada; Falta informação sobre apresentação e concentração para validar a classificação de tarja; Campo 'indicado_para' com valor 'ambos' é genérico demais sem especificar faixa etária de crianças",2
1,acetato racealfatocoferol + betacaroteno + colecalciferol + ferroso + nitrato tiamina + piridoxina + riboflavina + ácido ascórbico + ácido fólico + óxido zinco,FUMARATO FERROSO;NITRATO DE TIAMINA;ACETATO DE RACEALFATOCOFEROL;BETACAROTENO;RIBOFLAVINA;CLORIDRATO DE PIRIDOXINA;ÁCIDO FÓLICO;ÓXIDO DE ZINCO;ÁCIDO ASCÓRBICO;COLECALCIFEROL,DAMATER,vermelha,Sem tarja,Suplemento vitamínico e mineral ou Medicamento multivitamínico,"Tarja vermelha no sistema original foi alterada para 'Sem tarja' sem justificativa; suplementos vitamínicos são tipicamente sem tarja, mas a discrepância exige investigação; Princípio ativo original lista 'nitrato tiamina' (termo não farmacêutico padrão) e 'ferroso' sem especificar sal; resposta corrigiu para 'sulfato ferroso' sem confirmação; Acetato racealfatocoferol é termo não reconhecido em farmacopeias; provavelmente refere-se a acetato de retinol ou palmitato de retinol; Dose, frequência e apresentação não informadas; 'como_tomar' genérico é apropriado, mas resposta inventou 'uma vez ao dia'; Indicado para 'ambos' é vago; faltam informações sobre restrições em gestantes (vitamina A em excesso é teratogênica); Classificação como 'Suplemento' pode estar incorreta se DAMATER é medicamento registrado com indicação terapêutica específica",2
1,acetato racealfatocoferol + cânfora + levomentol + salicilato etilenoglicol,"SALICILATO DE ETILENOGLICOL, LEVOMENTOL, ACETATO DE RACEALFATOCOFEROL, CÂNFORA; SALICILATO DE ETILENOGLICOL;ACETATO DE RACEALFATOCOFEROL;LEVOMENTOL;CÂNFORA",Salonpas Gel Patch,,Sem tarja,Analgésico tópico rubefaciente com ação local,Princípio ativo 'salicilato etilenoglicol' não existe na farmacopeia; provavelmente é 'salicilato de etila' ou similar; 'Acetato racealfatocoferol' é nomenclatura não-padrão; deveria ser 'acetato de tocoferol' ou 'vitamina E'; Classificação como 'anti-inflamatório local' é imprecisa para este tipo de produto; é primariamente rubefaciente/analgésico tópico; Faltam apresentação e concentração dos ativos; 'como_tomar' deveria ser genérico; Indicação para 'adultos' sem menção a restrição em crianças é incompleta para adesivo com mentol e cânfora,6
1,acetato retinol + aminoácidos + cloranfenicol + metionina (11 c),"ACETATO DE RETINOL, AMINOÁCIDOS, metionina (11 C), CLORANFENICOL; CLORANFENICOL;ACETATO DE RETINOL;AMINOÁCIDOS;METIONINA (11 C)",Regencel,vermelha,Tarja vermelha com retenção,Antimicrobiano (cloranfenicol) + vitamina A + aminoácidos (uso tópico/oftalmológico),"Cloranfenicol é antimicrobiano de Tarja vermelha com retenção, mas a combinação com retinol + aminoácidos em formulação única é atípica e não corresponde a produto registrado conhecido; Indicação 'apenas adultos' é restritiva demais sem justificativa; muitos colírios/pomadas oftalmológicas são usados em crianças; Falta informação sobre apresentação (pomada, colírio, solução) e concentração de cada componente - essencial para orientação de uso; A confiança 'média' na tarja é inadequada; se contém cloranfenicol, a tarja deve ser alta confiança vermelha com retenção; Produto 'Regencel' não é identificado em base de dados farmacêutica padrão; pode ser descontinuado ou nome comercial incorreto",5
1,acetato zuclopentixol + decanoato zuclopentixol + zuclopentixol,"ACETATO DE ZUCLOPENTIXOL, DECANOATO DE ZUCLOPENTIXOL, DICLORIDRATO DE ZUCLOPENTIXOL",Clopixol,vermelha,Tarja vermelha com retenção,antipsicótico típico (tioxanteno),"Tarja preta é incorreta: zuclopentixol é antipsicótico típico e deve ser Tarja vermelha com retenção (não preta); A combinação de três formas (acetato + decanoato + base) no mesmo produto é incomum e não corresponde aos produtos Clopixol comercializados (que são monofármaco em uma única forma por apresentação); Faltam apresentação e concentração específicas, impossibilitando validar 'como_tomar' com precisão; Indicado apenas para adultos está correto, mas deveria mencionar cautela em idosos (risco aumentado de AVC); Classificador sugeriu Tarja preta e auditor sugeriu Tarja vermelha com retenção; revisão manual obrigatória.",2
1,acetonida triancinolona,ACETONIDA DE TRIANCINOLONA,NASACORT,vermelha,Tarja vermelha sem retenção,corticosteroide nasal tópico,"Tarja incorreta: corticosteroide nasal tópico de uso contínuo deve ter Tarja amarela (prescrição simples), não 'Sem tarja'; Nome do produto é NASACORT, não ALLENASAL (confusão com outro produto); Dose inventada (1 a 2 jatos) sem apresentação e concentração confirmadas; Indicação para crianças a partir de 2 anos não é universal para todos os corticosteroides nasais; triancinolona acetonida spray nasal geralmente é indicada a partir de 6 anos; Falta informação sobre necessidade de prescrição médica para uso contínuo; Classificador sugeriu Sem tarja e auditor sugeriu Tarja amarela; revisão manual obrigatória.",4
1,acetonida triancinolona + gramicidina + nistatina + sulfato neomicina,"ACETONIDA DE TRIANCINOLONA, SULFATO DE NEOMICINA, GRAMICIDINA, NISTATINA",Oncileg,vermelha,Tarja vermelha sem retenção,Corticosteroide tópico + antifúngico + antibiótico (uso otológico/dermatológico),Tarja classificada como 'Sem tarja' contradiz informação do sistema que indica 'vermelha'; Triancinolona acetonida é corticosteroide potente; combinação com antibióticos e antifúngicos em formulação otológica/dermatológica típica de prescrição controlada; Confiança na tarja 'alta' é inadequada dado o conflito com registro do sistema; Indicação restrita a 'adultos' sem justificativa; muitos otológicos são usados em crianças com prescrição; Faltam apresentação e concentração específicas para validar posologia genérica; Classificador sugeriu Sem tarja e auditor sugeriu Tarja vermelha sem retenção; revisão manual obrigatória.,1
1,achillea millefolium l. + aconitum napellus + arnica montana + arnica montana l. + atropa belladonna + bellis perennis + calendula officinalis l. + echinacea angustifolia + echinacea angustifolia dc. + echinacea purpurea (l.) moench + hamamelis virginiana l. + hepar sulfuris + hepar sulphur + hypericum perforatum + matricaria chamomilla + matricaria chamomilla l. + mercurius solubilis + symphytum officinale,"ARNICA MONTANA L., arnica montana, CALENDULA OFFICINALIS L., HAMAMELIS VIRGINIANA L., ECHINACEA ANGUSTIFOLIA, ECHINACEA ANGUSTIFOLIA DC., ECHINACEA PURPUREA (L.) MOENCH, MATRICARIA CHAMOMILLA , MATRICARIA CHAMOMILLA L., BELLIS PERENNIS, SYMPHYTUM OFFICINALE, HYPERICUM PERFORATUM, ACHILLEA MILLEFOLIUM L., ACONITUM NAPELLUS, ATROPA BELLADONNA, Mercurius solubilis, HEPAR SULPHUR, hepar sulfuris",Motix,vermelha,Tarja vermelha sem retenção,Medicamento homeopático,"Tarja vermelha no sistema original foi alterada para 'Sem tarja' sem justificativa adequada; produtos homeopáticos com múltiplos componentes potencialmente tóxicos (Aconitum napellus, Atropa belladonna) requerem verificação regulatória rigorosa; Classificação 'Fitoterápico/Homeopático' é imprecisa; produtos homeopáticos são regulados como medicamentos homeopáticos, não fitoterápicos; Indicação para 'ambos' (adultos e crianças) é genérica demais sem especificar faixa etária segura, especialmente com componentes potencialmente tóxicos em altas dinamizações; Presença de Aconitum napellus e Atropa belladonna (plantas altamente tóxicas) requer dinamização explícita e cuidados específicos não mencionados; Falta informação sobre apresentação (gotas, glóbulos, pomada) e concentração/dinamização homeopática; Classificador sugeriu Sem tarja e auditor sugeriu Tarja vermelha sem retenção; revisão manual obrigatória.",1
1,aciclovir,"ACICLOVIR; ACICLOVIR, ACICLOVIR SÓDICO",Antivirax,vermelha,Tarja vermelha com retenção,antiviral (inibidor de DNA viral),"Tarja vermelha sem retenção está correta, mas aciclovir oral (comprimido/suspensão) é geralmente Tarja amarela; apenas formas injetáveis ou de uso hospitalar podem ser vermelhas; indicado_para restrito a 'adultos' é impreciso: aciclovir é indicado para crianças também, especialmente em infecções por HSV; como_tomar genérico demais sem apresentação/concentração confirmada; deveria ser mais cauteloso; falta menção a gestantes (aciclovir é categoria B/C conforme trimestre); Classificador sugeriu Tarja vermelha sem retenção e auditor sugeriu Tarja amarela; revisão manual obrigatória.",56
1,acido acetilsalicilico + cafeína + clorfeniramina + dipirona + salicilamida,"CAFEÍNA, DIPIRONA, ACIDO ACETILSALICILICO, MALEATO DE CLORFENIRAMINA, SALICILAMIDA",Drenogrip,,Sem tarja,Analgésico + anti-histamínico + estimulante (combinação complexa),"Combinação de 5 princípios ativos em um único produto é atípica e requer verificação de registro na ANVISA; Dipirona + ácido acetilsalicílico juntos é combinação potencialmente problemática (duplicação de analgésicos); Salicilamida é um analgésico de uso restrito/descontinuado em muitos países; status regulatório no Brasil duvidoso; Falta apresentação, concentração e via de administração específicas; Classificação farmacológica incompleta: falta mencionar dipirona e salicilamida; Indicação para 'adultos' sem especificar faixa etária mínima ou máxima; Produto 'Drenogrip' não foi encontrado em bases de dados de medicamentos brasileiros confiáveis",1
1,acido acetilsalicilico + cafeína + hidroxido alumínio + mepiramina,"HIDROXIDO DE ALUMÍNIO, ACIDO ACETILSALICILICO, MALEATO DE MEPIRAMINA, CAFEÍNA",Enjoy,vermelha,Tarja vermelha sem retenção,Analgésico + antitérmico + antiácido + anti-histamínico H1,"Tarja incorreta: produto com ácido acetilsalicílico deve ter Tarja amarela (prescrição simples), não 'Sem tarja'; Mepiramina é anti-histamínico H1 de primeira geração; sua inclusão em analgésico simples é incomum e requer verificação; Hidróxido de alumínio como antiácido em associação com AAS é controverso (pode mascarar sintomas graves); Dose inventada sem apresentação e concentração confirmadas; Afirmação sobre 'reduzir reações alérgicas leves' é imprecisa para mepiramina; Indicação 'adultos' pode ser restritiva; falta informação sobre crianças; Classificador sugeriu Sem tarja e auditor sugeriu Tarja amarela; revisão manual obrigatória.",2
1,acido láctico + alcool etílico + benzocaína + extrato da folha malva moschata + extrato malva sylvestris (malva) + fluoreto sódio + lidocaina + mentol + mentol cristal + quinosol + sacarina sódica + tirotricina,"MENTOL, MENTOL CRISTAL, TIROTRICINA, QUINOSOL, BENZOCAÍNA, CLORIDRATO DE LIDOCAINA, EXTRATO DA FOLHA DE MALVA MOSCHATA, EXTRATO DE MALVA SYLVESTRIS (MALVA), FLUORETO DE SÓDIO, ACIDO LáCTICO, SACARINA SÓDICA, ALCOOL ETÍLICO",Malvatricin,vermelha,Tarja vermelha sem retenção,"Antisséptico, anestésico tópico e antibiótico bucal","Tarja vermelha no sistema original foi alterada para 'Sem tarja' sem justificativa adequada; produto contém anestésicos locais (benzocaína, lidocaína) e tirotricina (antibiótico), indicando necessidade de prescrição; Confiança da tarja marcada como 'media' quando deveria ser 'alta' ou 'baixa' (não há meio termo aceitável para classificação regulatória); Indicado apenas para adultos, mas produto tópico bucal pode ser usado em crianças com cautela; deveria ser 'ambos'; Faltam apresentação e concentração específicas dos componentes; 'como_tomar' deveria ser genérico; Tirotricina é antibiótico tópico que reforça necessidade de tarja; presença de anestésicos locais (benzocaína + lidocaína) exige controle regulatório; Classificador sugeriu Sem tarja e auditor sugeriu Tarja vermelha sem retenção; revisão manual obrigatória.",3
1,aconitum napellus + bryonia alba + bryonia alba l. + eucaliptus globulus labill + eucalyptus globulus + eupatorium perfoliatum + eupatorium perfoliatum l. + ferrum phosphoricum,"FERRUM PHOSPHORICUM, ACONITUM NAPELLUS, BRYONIA ALBA, BRYONIA ALBA L., EUCALIPTUS GLOBULUS  Labill, EUCALYPTUS GLOBULUS , EUPATORIUM PERFOLIATUM, EUPATORIUM PERFOLIATUM L.",Infludoron,vermelha,Sem tarja,Fitoterápico homeopático,"Tarja vermelha no sistema foi alterada para 'Sem tarja' sem justificativa adequada; fitoterápicos homeopáticos podem ter diferentes classificações regulatórias; Infludoron é um produto homeopático da Weleda; a tarja deve ser verificada conforme registro na ANVISA; Indicação para 'ambos' (adultos e crianças) é genérica demais sem especificar faixa etária segura; Faltam apresentação e concentração específicas (gotas, comprimidos, diluição) para orientação precisa de uso; Afirmação sobre 'infecções respiratórias leves' pode ser imprecisa para um homeopático sem comprovação clínica robusta",1
1,aconitum napellus l. + cephaelis ipecacuanha (brot.) a. rich + mikania glomerata spreng. + myroxylon balsamum (l.) harms + nasturtium officinale r.br. + polygala senega l.,"NASTURTIUM OFFICINALE R.BR., MIKANIA GLOMERATA SPRENG., POLYGALA SENEGA L., MYROXYLON BALSAMUM (L.) HARMS, Cephaelis ipecacuanha (Brot.) A. Rich, ACONITUM NAPELLUS L.",Guacovita,vermelha,Tarja vermelha com retenção,Fitoterápico (combinação de plantas medicinais) - contém Aconitum napellus (alcaloide tóxico),"Tarja vermelha no sistema original foi alterada para 'Sem tarja' sem justificativa adequada; Aconitum napellus é tóxico e requer controle; Aconitum napellus é alcaloide tóxico e exige tarja vermelha com retenção conforme RDC 67/2015; Indicação para crianças menores de 2 anos é inadequada para fitoterápico com Aconitum napellus; Confiança média em tarja contradiz a gravidade da toxicidade do Aconitum napellus; Falta informação sobre apresentação, concentração e via de administração; Classificador sugeriu Sem tarja e auditor sugeriu Tarja vermelha com retenção; revisão manual obrigatória.",1
1,acriflavina + beladona pó + cloreto metiltionínio + metenamina,"CLORIDRATO DE ACRIFLAVINA, METENAMINA, CLORETO DE METILTIONÍNIO, BELADONA PÓ",Cystex,vermelha,Tarja vermelha sem retenção,"Antisséptico urinário — combinação de agentes antimicrobianos (acriflavina, cloreto metiltionínio, metenamina) com antiespasmódico (beladona)","Tarja vermelha é inadequada para este medicamento — Cystex é um antisséptico urinário de venda livre ou com prescrição simples, não controlado; Beladona é alcaloide com propriedades anticolinérgicas e requer cautela; a presença dela não justifica tarja vermelha sem contexto de controle; Indicação para 'inflamação e infecção urinária leve' é genérica demais — o medicamento é sintomático (dor, ardor, desconforto), não antibiótico; Faltam apresentação e concentração dos componentes — 'como_tomar' ficou genérico, mas poderia ser mais específico se houvesse dados; Beladona em formulações urinárias é rara em produtos modernos; necessário validar se Cystex realmente contém este componente; Classificador sugeriu Tarja vermelha sem retenção e auditor sugeriu Sem tarja; revisão manual obrigatória.",1
1,actaea racemosa l.,ACTAEA RACEMOSA L.,Clifemin,vermelha,Sem tarja,Fitoterápico — regulador de sintomas climatéricos,"Tarja classificada como 'Sem tarja' contradiz informação de entrada que indica 'vermelha'; Enum 'indicado_para' recebeu valor 'mulheres em menopausa' fora das opções permitidas (adultos, crianças, ambos ou gestantes com cautela); Falta apresentação e concentração do produto — 'como_tomar' deveria ser genérico; Confiança alta em tarja 'Sem tarja' é inadequada dado o conflito com dados de entrada; Actaea racemosa é fitoterápico e geralmente não recebe tarja vermelha; necessário verificar se há restrição regulatória específica no Brasil",2
1,adapaleno,ADAPALENO,Differin,vermelha,Tarja vermelha sem retenção,retinóide tópico (derivado de ácido retinóico),"Adapaleno tópico (gel/creme) não possui tarja vermelha; é medicamento de venda livre ou com prescrição simples (tarja amarela); A classificação 'Tarja vermelha sem retenção' é incorreta para apresentação tópica; Indicação restrita a 'adultos' é imprecisa; adapaleno tópico é aprovado também para adolescentes (a partir de 12 anos em algumas apresentações); Falta informação sobre apresentação e concentração na resposta candidata, mas 'como_tomar' foi genérico adequadamente; Classificador sugeriu Tarja vermelha sem retenção e auditor sugeriu Sem tarja; revisão manual obrigatória.",6
1,adapaleno + clindamicina,"ADAPALENO, FOSFATO DE CLINDAMICINA",Adacne Clin,vermelha,Tarja vermelha sem retenção,Retinóide + antibiótico tópico,"Tarja vermelha sem retenção é incorreta para produto tópico com clindamicina; adapaleno tópico + clindamicina é Sem tarja ou Tarja amarela conforme apresentação; Indicação restrita a 'adultos' é imprecisa; adapaleno tópico é aprovado a partir de 12 anos; clindamicina tópica também é usada em adolescentes; Afirmação sobre gravidez é genérica demais; adapaleno é Categoria C (evitar) e clindamicina tópica tem risco baixo, mas a combinação requer cautela específica; Frequência 'uma vez ao dia à noite' é genérica sem apresentação/concentração confirmada; Classificador sugeriu Tarja vermelha sem retenção e auditor sugeriu Sem tarja; revisão manual obrigatória.",1
1,adapaleno + peróxido benzoíla,"ADAPALENO, PERÓXIDO DE BENZOÍLA; ADAPALENO;PERÓXIDO DE BENZOÍLA",Epiduo,vermelha,Tarja vermelha sem retenção,Retinóide + peróxido (agente queratolítico e antimicrobiano tópico),"Tarja incorreta: Epiduo é medicamento tópico de uso dermatológico que requer prescrição médica, classificado como Tarja amarela (prescrição simples), não 'Sem tarja'; Indicado_para incorreto: produto é para uso em adultos e adolescentes (acima de 12 anos), não recomendado para crianças pequenas; gestantes requerem cautela especial; Falta apresentação e concentração na resposta (gel, creme, loção e percentuais de adapaleno e peróxido de benzoíla); Classificador sugeriu Sem tarja e auditor sugeriu Tarja amarela; revisão manual obrigatória.",5
1,adifenina + dipirona + dipirona monoidratada + prometazina,"DIPIRONA, dipirona monoidratada, CLORIDRATO DE ADIFENINA, CLORIDRATO DE PROMETAZINA",Doriless,,Tarja vermelha sem retenção,Antiespasmódico + Analgésico + Anti-histamínico,"Dipirona duplicada na entrada (dipirona + dipirona monoidratada) - mesma substância em formas diferentes, deve constar uma única vez; Tarja vermelha sem retenção é inadequada: dipirona é Tarja amarela (prescrição simples) e prometazina também é Tarja amarela; adifenina é Tarja vermelha sem retenção, mas a combinação segue a substância mais restritiva; Falta apresentação, concentração e via de administração - essencial para validar posologia; Indicação para 'adultos' é genérica demais sem faixa etária específica; Cuidado sobre sonolência é válido (prometazina), mas faltam cuidados críticos sobre hepatotoxicidade (dipirona) e contraindicações em discrasias sanguíneas",2
1,adifenina + dipirona + prometazina,"CLORIDRATO DE PROMETAZINA;DIPIRONA;CLORIDRATO DE ADIFENINA; DIPIRONA, CLORIDRATO DE PROMETAZINA, CLORIDRATO DE ADIFENINA",Lisador,,Tarja amarela,Analgésico + Antipirético + Anti-histamínico,"Tarja incorreta: dipirona isolada é Tarja amarela (prescrição simples); a combinação com adifenina e prometazina não justifica Tarja vermelha sem retenção; Adifenina foi descontinuada no Brasil há anos; produto pode estar descontinuado ou reformulado; Prometazina em combinação analgésica não é indicação aprovada; risco de confundir com anti-histamínico isolado; Afirmação sobre 'potenciar efeito' da prometazina em dor não é fundamentada em bula padrão; Faltam apresentação, concentração e via exata; 'como_tomar' deve ser genérico; Indicado apenas para adultos não está claramente justificado na bula fornecida; Classificador sugeriu Tarja vermelha sem retenção e auditor sugeriu Tarja amarela; revisão manual obrigatória.",5
1,adifenina + dipirona monoidratada + prometazina,DIPIRONA MONOIDRATADA;CLORIDRATO DE PROMETAZINA;CLORIDRATO DE ADIFENINA,DORILESS,,Tarja vermelha com retenção,Antiespasmódico + analgésico + anti-histamínico,"Adifenina é controlada (Tarja vermelha com retenção), não sem retenção; Dipirona é proibida em vários países; no Brasil, é de venda livre (Sem tarja); Prometazina é Tarja vermelha sem retenção; A combinação resulta em Tarja vermelha COM retenção (princípio ativo mais restritivo prevalece); Indicação para 'adultos' é incompleta: crianças >2 anos podem usar sob supervisão; Faltam apresentação e concentração para validar 'como_tomar'; Classificador sugeriu Tarja vermelha sem retenção e auditor sugeriu Tarja vermelha com retenção; revisão manual obrigatória.",3
1,agnus castus + conium maculatum + nuphar luteum + onosmodium virginianum,"AGNUS CASTUS, CONIUM MACULATUM, NUPHAR LUTEUM, ONOSMODIUM VIRGINIanum",Forteviron,vermelha,Tarja vermelha sem retenção,Medicamento homeopático,Tarja vermelha no sistema foi alterada para 'Sem tarja' sem justificativa farmacêutica clara; Produto homeopático com conium maculatum (cicuta venenosa) requer cautela regulatória maior; Confiança alta em tarja declarada é inconsistente com mudança radical de classificação; Indicação restrita a 'adultos' não é adequada para produto homeopático sem contraindicações explícitas; Falta informação sobre apresentação e concentração para orientar 'como_tomar' adequadamente; Classificador sugeriu Sem tarja e auditor sugeriu Tarja vermelha sem retenção; revisão manual obrigatória.,2
1,albendazol,ALBENDAZOL,Parasin,vermelha,Tarja vermelha com retenção,anti-helmíntico (antiparasitário),"Tarja vermelha sem retenção é incorreta para albendazol; a classificação correta é Sem tarja ou Tarja amarela conforme apresentação e concentração; Albendazol não é controlado como medicamento de tarja vermelha na maioria das apresentações comerciais; Campo 'indicado_para' com valor 'ambos' é vago; deveria especificar 'crianças' ou 'adultos e crianças' conforme a bula; Cuidado sobre gravidez está correto, mas falta menção a monitoramento hepático durante tratamento prolongado; Como_tomar é genérico demais; faltam apresentação e concentração para orientação específica; Classificador sugeriu Tarja vermelha sem retenção e auditor sugeriu Sem tarja; revisão manual obrigatória.",24
1,albumina humana,ALBUMINA HUMANA,Albumina Humana Grifols,,Tarja vermelha com retenção,Hemoderivado — expansor de volume plasmático,"Albumina humana é hemoderivado e deve ter Tarja vermelha com retenção, não 'Sem tarja'; Indicado_para restrito a 'adultos' é impreciso; albumina é usada também em crianças e neonatos conforme indicação clínica; Campo 'como_tomar' adequado para via IV, mas falta menção explícita de que é medicamento de uso hospitalar exclusivo; Classificador sugeriu Sem tarja e auditor sugeriu Tarja vermelha com retenção; revisão manual obrigatória.",1
1,alendronato sódio,alendronato de sódio; ALENDRONATO DE SÓDIO,Alendronato De Sodio,vermelha,Tarja vermelha sem retenção,Bisfosfonato,"Tarja vermelha sem retenção é incorreta para alendronato sódio; o correto é Tarja amarela (prescrição simples); Apresentação e concentração não informadas na entrada, mas 'como_tomar' especifica detalhes de posologia (uma vez por semana) sem base nos dados fornecidos; Água filtrada é especificação desnecessária e não padrão em bulas; deve ser apenas água; Indicado_para deveria ser 'ambos' pois alendronato também é usado em homens com osteoporose, não apenas adultos genéricos; Classificador sugeriu Tarja vermelha sem retenção e auditor sugeriu Tarja amarela; revisão manual obrigatória.",2
1,alendronato sódio + alendronato trihidratado,"ALENDRONATO SÓDICO TRIHIDRATADO, alendronato de sódio",Endrostan,vermelha,Tarja vermelha com retenção,Bisfosfonato (agente regulador do metabolismo ósseo),"Princípio ativo duplicado na entrada: 'alendronato sódio + alendronato trihidratado' é redundante (mesma molécula em formas diferentes); resposta corrigiu para apenas 'alendronato sódio'; Tarja vermelha sem retenção é correta para bisfosfonatos, mas a confiança deve ser 'media' pois alendronato é tipicamente Tarja amarela (prescrição simples) em muitos países; a classificação como 'vermelha' requer verificação regulatória específica da ANVISA; Indicação para 'adultos' está correta, mas faltou mencionar explicitamente que é contraindicado em gestantes e crianças; Faltam informações sobre apresentação e concentração (não fornecidas na entrada), o que limita a precisão do 'como_tomar'; Cuidados adequados, mas faltou mencionar risco de osteonecrose de mandíbula (efeito adverso importante de bisfosfonatos); Classificador sugeriu Tarja vermelha sem retenção e auditor sugeriu Tarja amarela; revisão manual obrigatória.",1
1,alendronato sódio tri-hidratado,alendronato de sódio tri-hidratado; ALENDRONATO DE SÓDIO TRI-HIDRATADO,Bonagran,vermelha,Tarja vermelha com retenção,Bisfosfonato (agente anti-reabsortivo ósseo),"Tarja vermelha é inadequada para alendronato: este é um bisfosfonato oral de uso crônico em osteoporose, classificado como Tarja amarela (prescrição simples) ou Sem tarja, dependendo da apresentação e concentração; A resposta confundiu a tarja do sistema (vermelha, possivelmente referente a outro medicamento ou erro anterior) com a classificação correta do princípio ativo; Alendronato sódio não é controlado como medicamento de tarja vermelha na maioria das regulações; é prescrição simples; Classificador sugeriu Tarja vermelha sem retenção e auditor sugeriu Sem tarja; revisão manual obrigatória.",6
1,alendronato sódio tri-hidratado + carbonato cálcio + colecalciferol,CARBONATO DE CÁLCIO;ALENDRONATO DE SÓDIO TRI-HIDRATADO;COLECALCIFEROL,ALENDIL CÁLCIO D,vermelha,Tarja vermelha com retenção,Bifosfonato + suplemento mineral + vitamina D,"Tarja vermelha sem retenção é incorreta para bifosfonatos orais; alendronato é Tarja amarela (prescrição simples); Confiança na tarja marcada como 'alta' contradiz a classificação real do medicamento; Indicação restrita a 'adultos' é imprecisa; deve ser 'adultos' mas com ressalva de que não é para crianças/gestantes; Falta menção a contraindicações importantes: hipocalcemia, insuficiência renal, gravidez/lactação; Instrução sobre 'água filtrada' é desnecessária; água comum é adequada; Classificador sugeriu Tarja vermelha sem retenção e auditor sugeriu Tarja amarela; revisão manual obrigatória.",1
1,alendronato trihidratado,ALENDRONATO SÓDICO TRIHIDRATADO,ALENDIL,vermelha,Tarja vermelha com retenção,Bisfosfonato (agente regulador do metabolismo ósseo),"Tarja vermelha sem retenção é incorreta para alendronato; o correto é Tarja vermelha com retenção (medicamento controlado que exige receita retida); Indicação restrita a 'adultos' é imprecisa; alendronato é contraindicado em menores de 18 anos e em gestantes, mas a classificação deveria ser 'ambos' (adultos e idosos) ou especificar melhor; Falta informação sobre apresentação e concentração (ex: 70 mg comprimido), o que compromete a precisão de 'como_tomar'; INN identificado como 'alendronato' está correto, mas o produto contém 'alendronato trihidratado' (sal específico); Classificador sugeriu Tarja vermelha sem retenção e auditor sugeriu Tarja vermelha com retenção; revisão manual obrigatória.",1
1,alfaepoetina,ALFAEPOETINA,HEMAX ERITRON,vermelha,Tarja vermelha com retenção,Agente estimulador de eritropoiese (eritropoietina recombinante humana),"Tarja vermelha sem retenção é incorreta; alfaepoetina é Tarja vermelha COM retenção (medicamento de controle especial); INN 'alfaepoetina' é genérico impreciso; o correto é 'epoetina alfa' ou 'epoetina beta' conforme apresentação; Indicação para 'adultos' é restritiva; epoetinas são usadas também em crianças com anemia renal crônica; Faltam apresentação (solução injetável), concentração (UI/mL) e volume; 'como_tomar' deveria ser genérico; Classificador sugeriu Tarja vermelha sem retenção e auditor sugeriu Tarja vermelha com retenção; revisão manual obrigatória.",3
1,alfaestradiol,ALFAESTRADIOL,AVICIS,,Tarja amarela,hormônio estrogênico de uso tópico,"Alfaestradiol é um hormônio estrogênico de uso tópico; a classificação de tarja vermelha sem retenção é inadequada para medicamento hormonal sistêmico ou com absorção significativa; Campo 'indicado_para' contém valor fora do enum exigido ('mulheres' não é uma opção válida; deve ser 'adultos', 'crianças', 'ambos' ou 'gestantes com cautela'); Tarja vermelha sem retenção é típica de antibióticos e antiinflamatórios; hormônios estrogênicos costumam ser Tarja amarela ou Tarja vermelha com retenção; Confiança média em tarja é insuficiente para medicamento hormonal; deve ser alta ou baixa com justificativa clara; Classificador sugeriu Tarja vermelha sem retenção e auditor sugeriu Tarja amarela; revisão manual obrigatória.",5
1,algestona acetofenida + enantato estradiol,"ALGESTONA ACETOFENIDA, ENANTATO DE ESTRADIOL; ENANTATO DE ESTRADIOL;ALGESTONA ACETOFENIDA",Pregnolan,vermelha,Tarja vermelha com retenção,contraceptivo hormonal injetável (progestágeno + estrogênio),"Tarja classificada como 'Tarja vermelha sem retenção', mas contraceptivos hormonais injetáveis são tipicamente Tarja amarela (prescrição simples) ou Tarja vermelha com retenção, dependendo da regulação vigente; Campo 'indicado_para' restrito a 'adultos', mas contraceptivos hormonais podem ser indicados para adolescentes; deveria ser 'ambos'; Indicação secundária para 'deficiências de hormônios' é imprecisa; o medicamento é contraceptivo, não reposição hormonal para deficiência; Classificador sugeriu Tarja vermelha sem retenção e auditor sugeriu Tarja vermelha com retenção; revisão manual obrigatória.",17
1,alopurinol,ALOPURINOL,Zyloric,vermelha,Tarja vermelha sem retenção,Inibidor da xantina oxidase,"Tarja vermelha é incorreta para alopurinol; o medicamento é de venda livre (Sem tarja) ou sob prescrição simples (Tarja amarela), não controlado; Classificação farmacológica parcialmente imprecisa: alopurinol é inibidor da xantina oxidase, não uricosúrico (reduz síntese, não aumenta excreção); Faltam apresentação e concentração para orientação de 'como_tomar' específica; Indicação restrita apenas a adultos é incompleta; alopurinol é usado também em crianças com hiperuricemia; Classificador sugeriu Tarja vermelha sem retenção e auditor sugeriu Sem tarja; revisão manual obrigatória.",7
1,aloína,ALOÍNA,PÍLULAS DE ERVA DE BICHO COMPOSTAS IMESCARD,,Tarja amarela,Fitoterápico laxante (antraquinona natural),"Aloína é antraquinona com potencial hepatotóxico e nefrotóxico; regulação brasileira restringe seu uso; Produto 'Pílulas de Erva de Bicho Compostas' é formulação complexa; aloína pode ser apenas um componente, não o único INN; Tarja 'Sem tarja' é inadequada para antraquinonas laxantes; muitos produtos com aloína recebem Tarja Amarela ou restrição; Confiança média em tarja contradiz a necessidade de revisão regulatória específica; Faltam dados de apresentação, concentração e composição completa da formulação; Indicação restrita a 'adultos' sem menção a contraindicações em gestantes e lactantes; Classificador sugeriu Sem tarja e auditor sugeriu Tarja amarela; revisão manual obrigatória.",4
1,alprazolam,ALPRAZOLAM,TRANQUINAL,vermelha,Tarja vermelha com retenção,benzodiazepínico,"Tarja incorreta: alprazolam é benzodiazepínico controlado e deve ter 'Tarja vermelha com retenção', não 'Tarja preta'; Indicação de 'crises de pânico' não está mencionada na informação original fornecida — extrapolação não justificada; Campo 'indicado_para' restrito a 'adultos' é correto, mas falta menção a contraindicações em gestantes (categoria X/D); Classificador sugeriu Tarja preta e auditor sugeriu Tarja vermelha com retenção; revisão manual obrigatória.",15
1,ambra grisea + cocculus indicus + conium maculatum + petroleum,"Cocculus indicus, CONIUM MACULATUM, AMBRA GRISEA, Petroleum",Vertigoheel,,Sem tarja,Medicamento homeopático,"Produto homeopático com composição de substâncias em potências homeopáticas, não em concentrações farmacêuticas convencionais; INN listados são nomes de substâncias homeopáticas, não princípios ativos farmacêuticos tradicionais; Conium maculatum é tóxico em forma bruta; em homeopatia usa-se em potências diluídas; Falta informação sobre apresentação (gotas, comprimidos, glóbulos) e potência homeopática; Classificação como 'fitoterápico/homeopático' é imprecisa; Vertigoheel é exclusivamente homeopático; Indicação restrita a 'adultos' sem confirmação de segurança em crianças; Falta menção a que se trata de medicamento homeopático registrado na ANVISA",1
